InitialTemp;FinalTemp;MaxIters;Version;NeighSize;Repetition;Cmax;Duration_ms
1000;0.001;4500;NORMAL;1;1;2360;4
1000;0.001;4500;NORMAL;1;2;2357;3
1000;0.001;4500;NORMAL;1;3;2450;5
1000;0.001;4500;NORMAL;1;4;2295;3
1000;0.001;4500;NORMAL;1;5;2306;3
1000;0.001;4500;NORMAL;1;6;2344;3
1000;0.001;4500;NORMAL;1;7;2279;4
1000;0.001;4500;NORMAL;1;8;2338;3
1000;0.001;4500;NORMAL;1;9;2332;3
1000;0.001;4500;NORMAL;1;10;2334;3
1000;0.001;4500;GREEDY;15;1;2205;65
1000;0.001;4500;GREEDY;15;2;2224;58
1000;0.001;4500;GREEDY;15;3;2270;55
1000;0.001;4500;GREEDY;15;4;2289;62
1000;0.001;4500;GREEDY;15;5;2217;58
1000;0.001;4500;GREEDY;15;6;2218;60
1000;0.001;4500;GREEDY;15;7;2262;59
1000;0.001;4500;GREEDY;15;8;2265;55
1000;0.001;4500;GREEDY;15;9;2218;55
1000;0.001;4500;GREEDY;15;10;2263;106
1000;0.001;4500;GREEDY;30;1;2217;118
1000;0.001;4500;GREEDY;30;2;2231;105
1000;0.001;4500;GREEDY;30;3;2218;106
1000;0.001;4500;GREEDY;30;4;2211;108
1000;0.001;4500;GREEDY;30;5;2234;175
1000;0.001;4500;GREEDY;30;6;2191;117
1000;0.001;4500;GREEDY;30;7;2207;118
1000;0.001;4500;GREEDY;30;8;2157;112
1000;0.001;4500;GREEDY;30;9;2211;118
1000;0.001;4500;GREEDY;30;10;2181;117
1000;0.001;4500;GREEDY;45;1;2200;171
1000;0.001;4500;GREEDY;45;2;2200;166
1000;0.001;4500;GREEDY;45;3;2219;167
1000;0.001;4500;GREEDY;45;4;2229;164
1000;0.001;4500;GREEDY;45;5;2214;165
1000;0.001;4500;GREEDY;45;6;2260;162
1000;0.001;4500;GREEDY;45;7;2210;163
1000;0.001;4500;GREEDY;45;8;2244;177
1000;0.001;4500;GREEDY;45;9;2210;164
1000;0.001;4500;GREEDY;45;10;2229;169
1000;0.001;4500;GREEDY;60;1;2209;235
1000;0.001;4500;GREEDY;60;2;2176;240
1000;0.001;4500;GREEDY;60;3;2211;240
1000;0.001;4500;GREEDY;60;4;2181;282
1000;0.001;4500;GREEDY;60;5;2179;301
1000;0.001;4500;GREEDY;60;6;2203;260
1000;0.001;4500;GREEDY;60;7;2168;252
1000;0.001;4500;GREEDY;60;8;2196;213
1000;0.001;4500;GREEDY;60;9;2232;215
1000;0.001;4500;GREEDY;60;10;2223;215
1000;0.001;4500;REHEAT;1;1;2322;3
1000;0.001;4500;REHEAT;1;2;2393;4
1000;0.001;4500;REHEAT;1;3;2356;4
1000;0.001;4500;REHEAT;1;4;2360;4
1000;0.001;4500;REHEAT;1;5;2265;4
1000;0.001;4500;REHEAT;1;6;2296;4
1000;0.001;4500;REHEAT;1;7;2347;4
1000;0.001;4500;REHEAT;1;8;2290;4
1000;0.001;4500;REHEAT;1;9;2305;3
1000;0.001;4500;REHEAT;1;10;2318;3
1000;0.001;4500;BOTH;15;1;2208;56
1000;0.001;4500;BOTH;15;2;2219;58
1000;0.001;4500;BOTH;15;3;2287;55
1000;0.001;4500;BOTH;15;4;2268;60
1000;0.001;4500;BOTH;15;5;2237;58
1000;0.001;4500;BOTH;15;6;2230;60
1000;0.001;4500;BOTH;15;7;2230;64
1000;0.001;4500;BOTH;15;8;2231;59
1000;0.001;4500;BOTH;15;9;2240;58
1000;0.001;4500;BOTH;15;10;2263;57
1000;0.001;4500;BOTH;30;1;2250;104
1000;0.001;4500;BOTH;30;2;2193;103
1000;0.001;4500;BOTH;30;3;2200;103
1000;0.001;4500;BOTH;30;4;2240;106
1000;0.001;4500;BOTH;30;5;2225;104
1000;0.001;4500;BOTH;30;6;2198;103
1000;0.001;4500;BOTH;30;7;2233;109
1000;0.001;4500;BOTH;30;8;2208;104
1000;0.001;4500;BOTH;30;9;2221;103
1000;0.001;4500;BOTH;30;10;2236;103
1000;0.001;4500;BOTH;45;1;2204;172
1000;0.001;4500;BOTH;45;2;2189;165
1000;0.001;4500;BOTH;45;3;2209;174
1000;0.001;4500;BOTH;45;4;2222;167
1000;0.001;4500;BOTH;45;5;2202;174
1000;0.001;4500;BOTH;45;6;2204;162
1000;0.001;4500;BOTH;45;7;2201;165
1000;0.001;4500;BOTH;45;8;2213;161
1000;0.001;4500;BOTH;45;9;2205;165
1000;0.001;4500;BOTH;45;10;2185;169
1000;0.001;4500;BOTH;60;1;2200;208
1000;0.001;4500;BOTH;60;2;2199;206
1000;0.001;4500;BOTH;60;3;2181;207
1000;0.001;4500;BOTH;60;4;2194;207
1000;0.001;4500;BOTH;60;5;2184;203
1000;0.001;4500;BOTH;60;6;2228;203
1000;0.001;4500;BOTH;60;7;2223;208
1000;0.001;4500;BOTH;60;8;2161;210
1000;0.001;4500;BOTH;60;9;2201;202
1000;0.001;4500;BOTH;60;10;2201;208
1000;0.001;22500;NORMAL;1;1;2298;18
1000;0.001;22500;NORMAL;1;2;2330;16
1000;0.001;22500;NORMAL;1;3;2265;16
1000;0.001;22500;NORMAL;1;4;2312;17
1000;0.001;22500;NORMAL;1;5;2263;17
1000;0.001;22500;NORMAL;1;6;2253;18
1000;0.001;22500;NORMAL;1;7;2308;19
1000;0.001;22500;NORMAL;1;8;2295;19
1000;0.001;22500;NORMAL;1;9;2300;16
1000;0.001;22500;NORMAL;1;10;2305;17
1000;0.001;22500;GREEDY;15;1;2230;280
1000;0.001;22500;GREEDY;15;2;2205;285
1000;0.001;22500;GREEDY;15;3;2250;284
1000;0.001;22500;GREEDY;15;4;2262;280
1000;0.001;22500;GREEDY;15;5;2259;286
1000;0.001;22500;GREEDY;15;6;2248;297
1000;0.001;22500;GREEDY;15;7;2193;296
1000;0.001;22500;GREEDY;15;8;2211;291
1000;0.001;22500;GREEDY;15;9;2221;358
1000;0.001;22500;GREEDY;15;10;2216;283
1000;0.001;22500;GREEDY;30;1;2179;529
1000;0.001;22500;GREEDY;30;2;2172;551
1000;0.001;22500;GREEDY;30;3;2207;530
1000;0.001;22500;GREEDY;30;4;2187;538
1000;0.001;22500;GREEDY;30;5;2187;537
1000;0.001;22500;GREEDY;30;6;2204;530
1000;0.001;22500;GREEDY;30;7;2182;537
1000;0.001;22500;GREEDY;30;8;2179;527
1000;0.001;22500;GREEDY;30;9;2204;528
1000;0.001;22500;GREEDY;30;10;2185;528
1000;0.001;22500;GREEDY;45;1;2196;867
1000;0.001;22500;GREEDY;45;2;2197;822
1000;0.001;22500;GREEDY;45;3;2176;838
1000;0.001;22500;GREEDY;45;4;2172;843
1000;0.001;22500;GREEDY;45;5;2208;841
1000;0.001;22500;GREEDY;45;6;2186;846
1000;0.001;22500;GREEDY;45;7;2186;834
1000;0.001;22500;GREEDY;45;8;2157;837
1000;0.001;22500;GREEDY;45;9;2186;906
1000;0.001;22500;GREEDY;45;10;2193;986
1000;0.001;22500;GREEDY;60;1;2168;1102
1000;0.001;22500;GREEDY;60;2;2183;1044
1000;0.001;22500;GREEDY;60;3;2162;1032
1000;0.001;22500;GREEDY;60;4;2163;1064
1000;0.001;22500;GREEDY;60;5;2164;1246
1000;0.001;22500;GREEDY;60;6;2161;1137
1000;0.001;22500;GREEDY;60;7;2186;1027
1000;0.001;22500;GREEDY;60;8;2177;1062
1000;0.001;22500;GREEDY;60;9;2160;1052
1000;0.001;22500;GREEDY;60;10;2188;1097
1000;0.001;22500;REHEAT;1;1;2279;18
1000;0.001;22500;REHEAT;1;2;2280;19
1000;0.001;22500;REHEAT;1;3;2248;17
1000;0.001;22500;REHEAT;1;4;2264;17
1000;0.001;22500;REHEAT;1;5;2390;17
1000;0.001;22500;REHEAT;1;6;2247;16
1000;0.001;22500;REHEAT;1;7;2300;17
1000;0.001;22500;REHEAT;1;8;2258;21
1000;0.001;22500;REHEAT;1;9;2327;17
1000;0.001;22500;REHEAT;1;10;2376;17
1000;0.001;22500;BOTH;15;1;2192;282
1000;0.001;22500;BOTH;15;2;2199;361
1000;0.001;22500;BOTH;15;3;2180;287
1000;0.001;22500;BOTH;15;4;2183;293
1000;0.001;22500;BOTH;15;5;2192;291
1000;0.001;22500;BOTH;15;6;2183;293
1000;0.001;22500;BOTH;15;7;2206;297
1000;0.001;22500;BOTH;15;8;2185;297
1000;0.001;22500;BOTH;15;9;2200;316
1000;0.001;22500;BOTH;15;10;2234;299
1000;0.001;22500;BOTH;30;1;2213;552
1000;0.001;22500;BOTH;30;2;2206;540
1000;0.001;22500;BOTH;30;3;2171;537
1000;0.001;22500;BOTH;30;4;2176;546
1000;0.001;22500;BOTH;30;5;2179;530
1000;0.001;22500;BOTH;30;6;2193;530
1000;0.001;22500;BOTH;30;7;2181;540
1000;0.001;22500;BOTH;30;8;2186;532
1000;0.001;22500;BOTH;30;9;2173;530
1000;0.001;22500;BOTH;30;10;2190;530
1000;0.001;22500;BOTH;45;1;2202;841
1000;0.001;22500;BOTH;45;2;2185;834
1000;0.001;22500;BOTH;45;3;2170;839
1000;0.001;22500;BOTH;45;4;2162;845
1000;0.001;22500;BOTH;45;5;2186;828
1000;0.001;22500;BOTH;45;6;2196;914
1000;0.001;22500;BOTH;45;7;2171;840
1000;0.001;22500;BOTH;45;8;2170;824
1000;0.001;22500;BOTH;45;9;2162;824
1000;0.001;22500;BOTH;45;10;2167;853
1000;0.001;22500;BOTH;60;1;2163;1051
1000;0.001;22500;BOTH;60;2;2162;1048
1000;0.001;22500;BOTH;60;3;2156;1039
1000;0.001;22500;BOTH;60;4;2162;1033
1000;0.001;22500;BOTH;60;5;2163;1037
1000;0.001;22500;BOTH;60;6;2172;1043
1000;0.001;22500;BOTH;60;7;2159;1072
1000;0.001;22500;BOTH;60;8;2184;1140
1000;0.001;22500;BOTH;60;9;2165;1021
1000;0.001;22500;BOTH;60;10;2152;1095
1000;0.001;45000;NORMAL;1;1;2239;34
1000;0.001;45000;NORMAL;1;2;2258;34
1000;0.001;45000;NORMAL;1;3;2211;34
1000;0.001;45000;NORMAL;1;4;2255;34
1000;0.001;45000;NORMAL;1;5;2314;37
1000;0.001;45000;NORMAL;1;6;2301;37
1000;0.001;45000;NORMAL;1;7;2276;35
1000;0.001;45000;NORMAL;1;8;2333;36
1000;0.001;45000;NORMAL;1;9;2298;35
1000;0.001;45000;NORMAL;1;10;2276;35
1000;0.001;45000;GREEDY;15;1;2208;577
1000;0.001;45000;GREEDY;15;2;2194;576
1000;0.001;45000;GREEDY;15;3;2200;579
1000;0.001;45000;GREEDY;15;4;2238;577
1000;0.001;45000;GREEDY;15;5;2204;571
1000;0.001;45000;GREEDY;15;6;2200;589
1000;0.001;45000;GREEDY;15;7;2242;579
1000;0.001;45000;GREEDY;15;8;2194;564
1000;0.001;45000;GREEDY;15;9;2221;568
1000;0.001;45000;GREEDY;15;10;2183;590
1000;0.001;45000;GREEDY;30;1;2199;1049
1000;0.001;45000;GREEDY;30;2;2201;1070
1000;0.001;45000;GREEDY;30;3;2191;1080
1000;0.001;45000;GREEDY;30;4;2173;1085
1000;0.001;45000;GREEDY;30;5;2203;1074
1000;0.001;45000;GREEDY;30;6;2169;1130
1000;0.001;45000;GREEDY;30;7;2185;1056
1000;0.001;45000;GREEDY;30;8;2191;1063
1000;0.001;45000;GREEDY;30;9;2187;1079
1000;0.001;45000;GREEDY;30;10;2177;1073
1000;0.001;45000;GREEDY;45;1;2186;1664
1000;0.001;45000;GREEDY;45;2;2177;1651
1000;0.001;45000;GREEDY;45;3;2184;1694
1000;0.001;45000;GREEDY;45;4;2176;1662
1000;0.001;45000;GREEDY;45;5;2174;1706
1000;0.001;45000;GREEDY;45;6;2187;1735
1000;0.001;45000;GREEDY;45;7;2177;1912
1000;0.001;45000;GREEDY;45;8;2165;1707
1000;0.001;45000;GREEDY;45;9;2184;1661
1000;0.001;45000;GREEDY;45;10;2171;1681
1000;0.001;45000;GREEDY;60;1;2169;2074
1000;0.001;45000;GREEDY;60;2;2163;2063
1000;0.001;45000;GREEDY;60;3;2176;2134
1000;0.001;45000;GREEDY;60;4;2172;2068
1000;0.001;45000;GREEDY;60;5;2174;2104
1000;0.001;45000;GREEDY;60;6;2168;2055
1000;0.001;45000;GREEDY;60;7;2170;2076
1000;0.001;45000;GREEDY;60;8;2174;3628
1000;0.001;45000;GREEDY;60;9;2162;2788
1000;0.001;45000;GREEDY;60;10;2161;2618
1000;0.001;45000;REHEAT;1;1;2275;42
1000;0.001;45000;REHEAT;1;2;2218;41
1000;0.001;45000;REHEAT;1;3;2276;40
1000;0.001;45000;REHEAT;1;4;2286;39
1000;0.001;45000;REHEAT;1;5;2232;44
1000;0.001;45000;REHEAT;1;6;2263;37
1000;0.001;45000;REHEAT;1;7;2277;37
1000;0.001;45000;REHEAT;1;8;2277;37
1000;0.001;45000;REHEAT;1;9;2269;36
1000;0.001;45000;REHEAT;1;10;2260;36
1000;0.001;45000;BOTH;15;1;2199;574
1000;0.001;45000;BOTH;15;2;2202;567
1000;0.001;45000;BOTH;15;3;2172;580
1000;0.001;45000;BOTH;15;4;2172;585
1000;0.001;45000;BOTH;15;5;2178;608
1000;0.001;45000;BOTH;15;6;2208;580
1000;0.001;45000;BOTH;15;7;2193;581
1000;0.001;45000;BOTH;15;8;2210;578
1000;0.001;45000;BOTH;15;9;2203;580
1000;0.001;45000;BOTH;15;10;2197;570
1000;0.001;45000;BOTH;30;1;2168;1121
1000;0.001;45000;BOTH;30;2;2187;1064
1000;0.001;45000;BOTH;30;3;2173;1048
1000;0.001;45000;BOTH;30;4;2180;1069
1000;0.001;45000;BOTH;30;5;2200;1055
1000;0.001;45000;BOTH;30;6;2181;1072
1000;0.001;45000;BOTH;30;7;2160;1061
1000;0.001;45000;BOTH;30;8;2184;1057
1000;0.001;45000;BOTH;30;9;2173;1068
1000;0.001;45000;BOTH;30;10;2186;1069
1000;0.001;45000;BOTH;45;1;2172;1665
1000;0.001;45000;BOTH;45;2;2159;1751
1000;0.001;45000;BOTH;45;3;2161;1668
1000;0.001;45000;BOTH;45;4;2154;1657
1000;0.001;45000;BOTH;45;5;2185;1682
1000;0.001;45000;BOTH;45;6;2170;1673
1000;0.001;45000;BOTH;45;7;2168;1679
1000;0.001;45000;BOTH;45;8;2161;1847
1000;0.001;45000;BOTH;45;9;2163;1663
1000;0.001;45000;BOTH;45;10;2162;1729
1000;0.001;45000;BOTH;60;1;2168;2047
1000;0.001;45000;BOTH;60;2;2164;2076
1000;0.001;45000;BOTH;60;3;2160;2066
1000;0.001;45000;BOTH;60;4;2166;2064
1000;0.001;45000;BOTH;60;5;2164;2101
1000;0.001;45000;BOTH;60;6;2194;2203
1000;0.001;45000;BOTH;60;7;2173;2100
1000;0.001;45000;BOTH;60;8;2170;2065
1000;0.001;45000;BOTH;60;9;2183;2108
1000;0.001;45000;BOTH;60;10;2162;2112
1000;0.001;90000;NORMAL;1;1;2283;70
1000;0.001;90000;NORMAL;1;2;2270;66
1000;0.001;90000;NORMAL;1;3;2257;73
1000;0.001;90000;NORMAL;1;4;2258;67
1000;0.001;90000;NORMAL;1;5;2279;67
1000;0.001;90000;NORMAL;1;6;2286;68
1000;0.001;90000;NORMAL;1;7;2282;73
1000;0.001;90000;NORMAL;1;8;2235;66
1000;0.001;90000;NORMAL;1;9;2270;67
1000;0.001;90000;NORMAL;1;10;2305;67
1000;0.001;90000;GREEDY;15;1;2204;1153
1000;0.001;90000;GREEDY;15;2;2188;1148
1000;0.001;90000;GREEDY;15;3;2206;1157
1000;0.001;90000;GREEDY;15;4;2166;1430
1000;0.001;90000;GREEDY;15;5;2222;1192
1000;0.001;90000;GREEDY;15;6;2181;1158
1000;0.001;90000;GREEDY;15;7;2179;1152
1000;0.001;90000;GREEDY;15;8;2213;1171
1000;0.001;90000;GREEDY;15;9;2177;1133
1000;0.001;90000;GREEDY;15;10;2210;1146
1000;0.001;90000;GREEDY;30;1;2169;2115
1000;0.001;90000;GREEDY;30;2;2183;2185
1000;0.001;90000;GREEDY;30;3;2178;2175
1000;0.001;90000;GREEDY;30;4;2178;2121
1000;0.001;90000;GREEDY;30;5;2167;2115
1000;0.001;90000;GREEDY;30;6;2190;2102
1000;0.001;90000;GREEDY;30;7;2184;2091
1000;0.001;90000;GREEDY;30;8;2168;2135
1000;0.001;90000;GREEDY;30;9;2175;2200
1000;0.001;90000;GREEDY;30;10;2157;2134
1000;0.001;90000;GREEDY;45;1;2166;3472
1000;0.001;90000;GREEDY;45;2;2166;3340
1000;0.001;90000;GREEDY;45;3;2169;3432
1000;0.001;90000;GREEDY;45;4;2166;3348
1000;0.001;90000;GREEDY;45;5;2174;3335
1000;0.001;90000;GREEDY;45;6;2172;3335
1000;0.001;90000;GREEDY;45;7;2177;3414
1000;0.001;90000;GREEDY;45;8;2152;3299
1000;0.001;90000;GREEDY;45;9;2175;3386
1000;0.001;90000;GREEDY;45;10;2173;3640
1000;0.001;90000;GREEDY;60;1;2157;4216
1000;0.001;90000;GREEDY;60;2;2150;4145
1000;0.001;90000;GREEDY;60;3;2176;4138
1000;0.001;90000;GREEDY;60;4;2165;4581
1000;0.001;90000;GREEDY;60;5;2169;4371
1000;0.001;90000;GREEDY;60;6;2166;4140
1000;0.001;90000;GREEDY;60;7;2167;4310
1000;0.001;90000;GREEDY;60;8;2160;4123
1000;0.001;90000;GREEDY;60;9;2159;4335
1000;0.001;90000;GREEDY;60;10;2171;4248
1000;0.001;90000;REHEAT;1;1;2242;68
1000;0.001;90000;REHEAT;1;2;2239;71
1000;0.001;90000;REHEAT;1;3;2284;71
1000;0.001;90000;REHEAT;1;4;2246;68
1000;0.001;90000;REHEAT;1;5;2209;68
1000;0.001;90000;REHEAT;1;6;2246;71
1000;0.001;90000;REHEAT;1;7;2310;68
1000;0.001;90000;REHEAT;1;8;2234;70
1000;0.001;90000;REHEAT;1;9;2248;75
1000;0.001;90000;REHEAT;1;10;2257;65
1000;0.001;90000;BOTH;15;1;2181;1153
1000;0.001;90000;BOTH;15;2;2202;1159
1000;0.001;90000;BOTH;15;3;2196;1126
1000;0.001;90000;BOTH;15;4;2164;1145
1000;0.001;90000;BOTH;15;5;2181;1147
1000;0.001;90000;BOTH;15;6;2180;1135
1000;0.001;90000;BOTH;15;7;2202;1143
1000;0.001;90000;BOTH;15;8;2193;1145
1000;0.001;90000;BOTH;15;9;2170;1205
1000;0.001;90000;BOTH;15;10;2176;1167
1000;0.001;90000;BOTH;30;1;2184;2252
1000;0.001;90000;BOTH;30;2;2155;2132
1000;0.001;90000;BOTH;30;3;2172;2109
1000;0.001;90000;BOTH;30;4;2192;2101
1000;0.001;90000;BOTH;30;5;2162;2133
1000;0.001;90000;BOTH;30;6;2166;2182
1000;0.001;90000;BOTH;30;7;2171;2122
1000;0.001;90000;BOTH;30;8;2178;2134
1000;0.001;90000;BOTH;30;9;2164;2139
1000;0.001;90000;BOTH;30;10;2189;2120
1000;0.001;90000;BOTH;45;1;2163;3399
1000;0.001;90000;BOTH;45;2;2167;3305
1000;0.001;90000;BOTH;45;3;2175;3336
1000;0.001;90000;BOTH;45;4;2172;3476
1000;0.001;90000;BOTH;45;5;2161;3405
1000;0.001;90000;BOTH;45;6;2161;3345
1000;0.001;90000;BOTH;45;7;2173;3336
1000;0.001;90000;BOTH;45;8;2160;3325
1000;0.001;90000;BOTH;45;9;2173;3424
1000;0.001;90000;BOTH;45;10;2166;3349
1000;0.001;90000;BOTH;60;1;2172;4139
1000;0.001;90000;BOTH;60;2;2164;4359
1000;0.001;90000;BOTH;60;3;2155;4160
1000;0.001;90000;BOTH;60;4;2160;4168
1000;0.001;90000;BOTH;60;5;2157;4177
1000;0.001;90000;BOTH;60;6;2164;4305
1000;0.001;90000;BOTH;60;7;2164;4143
1000;0.001;90000;BOTH;60;8;2161;4127
1000;0.001;90000;BOTH;60;9;2162;4489
1000;0.001;90000;BOTH;60;10;2155;4239
10000;0.001;4500;NORMAL;1;1;2251;4
10000;0.001;4500;NORMAL;1;2;2305;4
10000;0.001;4500;NORMAL;1;3;2320;4
10000;0.001;4500;NORMAL;1;4;2327;4
10000;0.001;4500;NORMAL;1;5;2375;5
10000;0.001;4500;NORMAL;1;6;2364;3
10000;0.001;4500;NORMAL;1;7;2378;3
10000;0.001;4500;NORMAL;1;8;2342;3
10000;0.001;4500;NORMAL;1;9;2323;3
10000;0.001;4500;NORMAL;1;10;2416;3
10000;0.001;4500;GREEDY;15;1;2194;56
10000;0.001;4500;GREEDY;15;2;2254;56
10000;0.001;4500;GREEDY;15;3;2246;57
10000;0.001;4500;GREEDY;15;4;2271;57
10000;0.001;4500;GREEDY;15;5;2217;57
10000;0.001;4500;GREEDY;15;6;2266;55
10000;0.001;4500;GREEDY;15;7;2244;56
10000;0.001;4500;GREEDY;15;8;2292;55
10000;0.001;4500;GREEDY;15;9;2269;56
10000;0.001;4500;GREEDY;15;10;2234;60
10000;0.001;4500;GREEDY;30;1;2218;109
10000;0.001;4500;GREEDY;30;2;2208;106
10000;0.001;4500;GREEDY;30;3;2243;107
10000;0.001;4500;GREEDY;30;4;2235;101
10000;0.001;4500;GREEDY;30;5;2220;106
10000;0.001;4500;GREEDY;30;6;2245;108
10000;0.001;4500;GREEDY;30;7;2231;105
10000;0.001;4500;GREEDY;30;8;2211;105
10000;0.001;4500;GREEDY;30;9;2236;106
10000;0.001;4500;GREEDY;30;10;2223;106
10000;0.001;4500;GREEDY;45;1;2206;170
10000;0.001;4500;GREEDY;45;2;2229;162
10000;0.001;4500;GREEDY;45;3;2165;163
10000;0.001;4500;GREEDY;45;4;2244;167
10000;0.001;4500;GREEDY;45;5;2207;171
10000;0.001;4500;GREEDY;45;6;2235;176
10000;0.001;4500;GREEDY;45;7;2200;171
10000;0.001;4500;GREEDY;45;8;2228;168
10000;0.001;4500;GREEDY;45;9;2178;183
10000;0.001;4500;GREEDY;45;10;2224;175
10000;0.001;4500;GREEDY;60;1;2177;217
10000;0.001;4500;GREEDY;60;2;2210;215
10000;0.001;4500;GREEDY;60;3;2224;211
10000;0.001;4500;GREEDY;60;4;2224;205
10000;0.001;4500;GREEDY;60;5;2200;208
10000;0.001;4500;GREEDY;60;6;2195;214
10000;0.001;4500;GREEDY;60;7;2225;280
10000;0.001;4500;GREEDY;60;8;2216;210
10000;0.001;4500;GREEDY;60;9;2238;210
10000;0.001;4500;GREEDY;60;10;2192;213
10000;0.001;4500;REHEAT;1;1;2380;4
10000;0.001;4500;REHEAT;1;2;2361;4
10000;0.001;4500;REHEAT;1;3;2323;3
10000;0.001;4500;REHEAT;1;4;2368;3
10000;0.001;4500;REHEAT;1;5;2396;5
10000;0.001;4500;REHEAT;1;6;2379;4
10000;0.001;4500;REHEAT;1;7;2480;3
10000;0.001;4500;REHEAT;1;8;2353;3
10000;0.001;4500;REHEAT;1;9;2382;4
10000;0.001;4500;REHEAT;1;10;2264;4
10000;0.001;4500;BOTH;15;1;2260;59
10000;0.001;4500;BOTH;15;2;2245;60
10000;0.001;4500;BOTH;15;3;2215;55
10000;0.001;4500;BOTH;15;4;2212;59
10000;0.001;4500;BOTH;15;5;2272;59
10000;0.001;4500;BOTH;15;6;2256;58
10000;0.001;4500;BOTH;15;7;2272;55
10000;0.001;4500;BOTH;15;8;2258;58
10000;0.001;4500;BOTH;15;9;2255;59
10000;0.001;4500;BOTH;15;10;2266;60
10000;0.001;4500;BOTH;30;1;2228;102
10000;0.001;4500;BOTH;30;2;2196;107
10000;0.001;4500;BOTH;30;3;2224;104
10000;0.001;4500;BOTH;30;4;2230;106
10000;0.001;4500;BOTH;30;5;2202;103
10000;0.001;4500;BOTH;30;6;2222;106
10000;0.001;4500;BOTH;30;7;2188;105
10000;0.001;4500;BOTH;30;8;2179;107
10000;0.001;4500;BOTH;30;9;2208;105
10000;0.001;4500;BOTH;30;10;2223;108
10000;0.001;4500;BOTH;45;1;2187;169
10000;0.001;4500;BOTH;45;2;2185;174
10000;0.001;4500;BOTH;45;3;2191;176
10000;0.001;4500;BOTH;45;4;2202;169
10000;0.001;4500;BOTH;45;5;2215;167
10000;0.001;4500;BOTH;45;6;2203;164
10000;0.001;4500;BOTH;45;7;2191;164
10000;0.001;4500;BOTH;45;8;2203;163
10000;0.001;4500;BOTH;45;9;2193;163
10000;0.001;4500;BOTH;45;10;2199;164
10000;0.001;4500;BOTH;60;1;2204;205
10000;0.001;4500;BOTH;60;2;2191;204
10000;0.001;4500;BOTH;60;3;2162;209
10000;0.001;4500;BOTH;60;4;2200;207
10000;0.001;4500;BOTH;60;5;2181;208
10000;0.001;4500;BOTH;60;6;2207;212
10000;0.001;4500;BOTH;60;7;2213;218
10000;0.001;4500;BOTH;60;8;2160;232
10000;0.001;4500;BOTH;60;9;2184;215
10000;0.001;4500;BOTH;60;10;2211;213
10000;0.001;22500;NORMAL;1;1;2267;18
10000;0.001;22500;NORMAL;1;2;2212;21
10000;0.001;22500;NORMAL;1;3;2319;20
10000;0.001;22500;NORMAL;1;4;2283;22
10000;0.001;22500;NORMAL;1;5;2270;26
10000;0.001;22500;NORMAL;1;6;2311;21
10000;0.001;22500;NORMAL;1;7;2282;21
10000;0.001;22500;NORMAL;1;8;2373;20
10000;0.001;22500;NORMAL;1;9;2328;25
10000;0.001;22500;NORMAL;1;10;2258;19
10000;0.001;22500;GREEDY;15;1;2197;378
10000;0.001;22500;GREEDY;15;2;2254;597
10000;0.001;22500;GREEDY;15;3;2248;417
10000;0.001;22500;GREEDY;15;4;2197;302
10000;0.001;22500;GREEDY;15;5;2166;303
10000;0.001;22500;GREEDY;15;6;2229;296
10000;0.001;22500;GREEDY;15;7;2255;292
10000;0.001;22500;GREEDY;15;8;2199;287
10000;0.001;22500;GREEDY;15;9;2238;337
10000;0.001;22500;GREEDY;15;10;2223;365
10000;0.001;22500;GREEDY;30;1;2217;562
10000;0.001;22500;GREEDY;30;2;2176;532
10000;0.001;22500;GREEDY;30;3;2200;523
10000;0.001;22500;GREEDY;30;4;2207;520
10000;0.001;22500;GREEDY;30;5;2211;528
10000;0.001;22500;GREEDY;30;6;2185;603
10000;0.001;22500;GREEDY;30;7;2219;575
10000;0.001;22500;GREEDY;30;8;2206;601
10000;0.001;22500;GREEDY;30;9;2185;544
10000;0.001;22500;GREEDY;30;10;2173;531
10000;0.001;22500;GREEDY;45;1;2161;822
10000;0.001;22500;GREEDY;45;2;2213;836
10000;0.001;22500;GREEDY;45;3;2186;837
10000;0.001;22500;GREEDY;45;4;2179;836
10000;0.001;22500;GREEDY;45;5;2165;923
10000;0.001;22500;GREEDY;45;6;2152;831
10000;0.001;22500;GREEDY;45;7;2188;819
10000;0.001;22500;GREEDY;45;8;2203;836
10000;0.001;22500;GREEDY;45;9;2168;842
10000;0.001;22500;GREEDY;45;10;2179;840
10000;0.001;22500;GREEDY;60;1;2158;1033
10000;0.001;22500;GREEDY;60;2;2163;1099
10000;0.001;22500;GREEDY;60;3;2176;1046
10000;0.001;22500;GREEDY;60;4;2184;1035
10000;0.001;22500;GREEDY;60;5;2186;1056
10000;0.001;22500;GREEDY;60;6;2163;1113
10000;0.001;22500;GREEDY;60;7;2169;1035
10000;0.001;22500;GREEDY;60;8;2175;1034
10000;0.001;22500;GREEDY;60;9;2166;1036
10000;0.001;22500;GREEDY;60;10;2164;1027
10000;0.001;22500;REHEAT;1;1;2269;18
10000;0.001;22500;REHEAT;1;2;2307;18
10000;0.001;22500;REHEAT;1;3;2240;19
10000;0.001;22500;REHEAT;1;4;2245;17
10000;0.001;22500;REHEAT;1;5;2391;17
10000;0.001;22500;REHEAT;1;6;2325;17
10000;0.001;22500;REHEAT;1;7;2347;18
10000;0.001;22500;REHEAT;1;8;2273;19
10000;0.001;22500;REHEAT;1;9;2333;17
10000;0.001;22500;REHEAT;1;10;2264;17
10000;0.001;22500;BOTH;15;1;2253;291
10000;0.001;22500;BOTH;15;2;2237;285
10000;0.001;22500;BOTH;15;3;2209;292
10000;0.001;22500;BOTH;15;4;2171;289
10000;0.001;22500;BOTH;15;5;2210;289
10000;0.001;22500;BOTH;15;6;2228;289
10000;0.001;22500;BOTH;15;7;2262;281
10000;0.001;22500;BOTH;15;8;2208;299
10000;0.001;22500;BOTH;15;9;2247;289
10000;0.001;22500;BOTH;15;10;2192;287
10000;0.001;22500;BOTH;30;1;2197;565
10000;0.001;22500;BOTH;30;2;2171;597
10000;0.001;22500;BOTH;30;3;2180;538
10000;0.001;22500;BOTH;30;4;2197;537
10000;0.001;22500;BOTH;30;5;2212;538
10000;0.001;22500;BOTH;30;6;2170;544
10000;0.001;22500;BOTH;30;7;2186;538
10000;0.001;22500;BOTH;30;8;2196;528
10000;0.001;22500;BOTH;30;9;2182;539
10000;0.001;22500;BOTH;30;10;2185;541
10000;0.001;22500;BOTH;45;1;2179;836
10000;0.001;22500;BOTH;45;2;2167;829
10000;0.001;22500;BOTH;45;3;2173;837
10000;0.001;22500;BOTH;45;4;2151;835
10000;0.001;22500;BOTH;45;5;2189;824
10000;0.001;22500;BOTH;45;6;2171;836
10000;0.001;22500;BOTH;45;7;2196;842
10000;0.001;22500;BOTH;45;8;2189;907
10000;0.001;22500;BOTH;45;9;2177;939
10000;0.001;22500;BOTH;45;10;2185;900
10000;0.001;22500;BOTH;60;1;2161;1056
10000;0.001;22500;BOTH;60;2;2169;1027
10000;0.001;22500;BOTH;60;3;2166;1040
10000;0.001;22500;BOTH;60;4;2167;1039
10000;0.001;22500;BOTH;60;5;2181;1034
10000;0.001;22500;BOTH;60;6;2165;1052
10000;0.001;22500;BOTH;60;7;2171;1038
10000;0.001;22500;BOTH;60;8;2186;1018
10000;0.001;22500;BOTH;60;9;2170;1042
10000;0.001;22500;BOTH;60;10;2170;1021
10000;0.001;45000;NORMAL;1;1;2258;36
10000;0.001;45000;NORMAL;1;2;2301;35
10000;0.001;45000;NORMAL;1;3;2298;36
10000;0.001;45000;NORMAL;1;4;2386;33
10000;0.001;45000;NORMAL;1;5;2343;33
10000;0.001;45000;NORMAL;1;6;2269;37
10000;0.001;45000;NORMAL;1;7;2216;33
10000;0.001;45000;NORMAL;1;8;2291;34
10000;0.001;45000;NORMAL;1;9;2277;34
10000;0.001;45000;NORMAL;1;10;2294;35
10000;0.001;45000;GREEDY;15;1;2200;571
10000;0.001;45000;GREEDY;15;2;2230;588
10000;0.001;45000;GREEDY;15;3;2210;569
10000;0.001;45000;GREEDY;15;4;2191;637
10000;0.001;45000;GREEDY;15;5;2178;581
10000;0.001;45000;GREEDY;15;6;2227;575
10000;0.001;45000;GREEDY;15;7;2187;575
10000;0.001;45000;GREEDY;15;8;2186;586
10000;0.001;45000;GREEDY;15;9;2189;569
10000;0.001;45000;GREEDY;15;10;2224;598
10000;0.001;45000;GREEDY;30;1;2198;1057
10000;0.001;45000;GREEDY;30;2;2189;1057
10000;0.001;45000;GREEDY;30;3;2184;1069
10000;0.001;45000;GREEDY;30;4;2211;1062
10000;0.001;45000;GREEDY;30;5;2185;1068
10000;0.001;45000;GREEDY;30;6;2175;1059
10000;0.001;45000;GREEDY;30;7;2194;1076
10000;0.001;45000;GREEDY;30;8;2200;1055
10000;0.001;45000;GREEDY;30;9;2202;1114
10000;0.001;45000;GREEDY;30;10;2166;1058
10000;0.001;45000;GREEDY;45;1;2170;1827
10000;0.001;45000;GREEDY;45;2;2178;1674
10000;0.001;45000;GREEDY;45;3;2190;1660
10000;0.001;45000;GREEDY;45;4;2174;1667
10000;0.001;45000;GREEDY;45;5;2150;1678
10000;0.001;45000;GREEDY;45;6;2183;1695
10000;0.001;45000;GREEDY;45;7;2182;1746
10000;0.001;45000;GREEDY;45;8;2182;1653
10000;0.001;45000;GREEDY;45;9;2186;1719
10000;0.001;45000;GREEDY;45;10;2167;1662
10000;0.001;45000;GREEDY;60;1;2157;2059
10000;0.001;45000;GREEDY;60;2;2165;2073
10000;0.001;45000;GREEDY;60;3;2156;2085
10000;0.001;45000;GREEDY;60;4;2153;2147
10000;0.001;45000;GREEDY;60;5;2170;2091
10000;0.001;45000;GREEDY;60;6;2196;2081
10000;0.001;45000;GREEDY;60;7;2170;2336
10000;0.001;45000;GREEDY;60;8;2185;2099
10000;0.001;45000;GREEDY;60;9;2158;2094
10000;0.001;45000;GREEDY;60;10;2165;2142
10000;0.001;45000;REHEAT;1;1;2284;35
10000;0.001;45000;REHEAT;1;2;2293;34
10000;0.001;45000;REHEAT;1;3;2290;37
10000;0.001;45000;REHEAT;1;4;2281;35
10000;0.001;45000;REHEAT;1;5;2290;35
10000;0.001;45000;REHEAT;1;6;2277;35
10000;0.001;45000;REHEAT;1;7;2295;34
10000;0.001;45000;REHEAT;1;8;2350;35
10000;0.001;45000;REHEAT;1;9;2245;36
10000;0.001;45000;REHEAT;1;10;2293;34
10000;0.001;45000;BOTH;15;1;2214;575
10000;0.001;45000;BOTH;15;2;2208;567
10000;0.001;45000;BOTH;15;3;2207;634
10000;0.001;45000;BOTH;15;4;2200;570
10000;0.001;45000;BOTH;15;5;2209;571
10000;0.001;45000;BOTH;15;6;2196;564
10000;0.001;45000;BOTH;15;7;2234;567
10000;0.001;45000;BOTH;15;8;2187;562
10000;0.001;45000;BOTH;15;9;2198;558
10000;0.001;45000;BOTH;15;10;2189;585
10000;0.001;45000;BOTH;30;1;2205;1064
10000;0.001;45000;BOTH;30;2;2204;1055
10000;0.001;45000;BOTH;30;3;2179;1118
10000;0.001;45000;BOTH;30;4;2179;1060
10000;0.001;45000;BOTH;30;5;2175;1069
10000;0.001;45000;BOTH;30;6;2195;1120
10000;0.001;45000;BOTH;30;7;2187;1061
10000;0.001;45000;BOTH;30;8;2168;1048
10000;0.001;45000;BOTH;30;9;2198;1065
10000;0.001;45000;BOTH;30;10;2190;1074
10000;0.001;45000;BOTH;45;1;2177;1649
10000;0.001;45000;BOTH;45;2;2181;1644
10000;0.001;45000;BOTH;45;3;2172;1655
10000;0.001;45000;BOTH;45;4;2158;1921
10000;0.001;45000;BOTH;45;5;2176;1805
10000;0.001;45000;BOTH;45;6;2173;1709
10000;0.001;45000;BOTH;45;7;2169;1655
10000;0.001;45000;BOTH;45;8;2161;1682
10000;0.001;45000;BOTH;45;9;2186;1662
10000;0.001;45000;BOTH;45;10;2168;1679
10000;0.001;45000;BOTH;60;1;2154;2080
10000;0.001;45000;BOTH;60;2;2179;2166
10000;0.001;45000;BOTH;60;3;2161;2064
10000;0.001;45000;BOTH;60;4;2169;2085
10000;0.001;45000;BOTH;60;5;2160;2067
10000;0.001;45000;BOTH;60;6;2165;2073
10000;0.001;45000;BOTH;60;7;2159;2142
10000;0.001;45000;BOTH;60;8;2171;2175
10000;0.001;45000;BOTH;60;9;2170;2334
10000;0.001;45000;BOTH;60;10;2184;2171
10000;0.001;90000;NORMAL;1;1;2266;69
10000;0.001;90000;NORMAL;1;2;2261;75
10000;0.001;90000;NORMAL;1;3;2296;70
10000;0.001;90000;NORMAL;1;4;2246;73
10000;0.001;90000;NORMAL;1;5;2252;72
10000;0.001;90000;NORMAL;1;6;2257;70
10000;0.001;90000;NORMAL;1;7;2290;70
10000;0.001;90000;NORMAL;1;8;2220;69
10000;0.001;90000;NORMAL;1;9;2269;73
10000;0.001;90000;NORMAL;1;10;2278;68
10000;0.001;90000;GREEDY;15;1;2186;1236
10000;0.001;90000;GREEDY;15;2;2185;1148
10000;0.001;90000;GREEDY;15;3;2196;1151
10000;0.001;90000;GREEDY;15;4;2171;1140
10000;0.001;90000;GREEDY;15;5;2229;1195
10000;0.001;90000;GREEDY;15;6;2199;1148
10000;0.001;90000;GREEDY;15;7;2198;1292
10000;0.001;90000;GREEDY;15;8;2193;1152
10000;0.001;90000;GREEDY;15;9;2221;1146
10000;0.001;90000;GREEDY;15;10;2167;1136
10000;0.001;90000;GREEDY;30;1;2179;2120
10000;0.001;90000;GREEDY;30;2;2172;2252
10000;0.001;90000;GREEDY;30;3;2197;2228
10000;0.001;90000;GREEDY;30;4;2176;2189
10000;0.001;90000;GREEDY;30;5;2188;2127
10000;0.001;90000;GREEDY;30;6;2166;2163
10000;0.001;90000;GREEDY;30;7;2161;2373
10000;0.001;90000;GREEDY;30;8;2184;2197
10000;0.001;90000;GREEDY;30;9;2168;2157
10000;0.001;90000;GREEDY;30;10;2168;2198
10000;0.001;90000;GREEDY;45;1;2187;3559
10000;0.001;90000;GREEDY;45;2;2170;3332
10000;0.001;90000;GREEDY;45;3;2157;3333
10000;0.001;90000;GREEDY;45;4;2163;3412
10000;0.001;90000;GREEDY;45;5;2180;3357
10000;0.001;90000;GREEDY;45;6;2169;3369
10000;0.001;90000;GREEDY;45;7;2148;3549
10000;0.001;90000;GREEDY;45;8;2166;3389
10000;0.001;90000;GREEDY;45;9;2167;3300
10000;0.001;90000;GREEDY;45;10;2162;3341
10000;0.001;90000;GREEDY;60;1;2157;4179
10000;0.001;90000;GREEDY;60;2;2162;4203
10000;0.001;90000;GREEDY;60;3;2158;4182
10000;0.001;90000;GREEDY;60;4;2165;4178
10000;0.001;90000;GREEDY;60;5;2175;4368
10000;0.001;90000;GREEDY;60;6;2169;4150
10000;0.001;90000;GREEDY;60;7;2148;4152
10000;0.001;90000;GREEDY;60;8;2182;4208
10000;0.001;90000;GREEDY;60;9;2160;4097
10000;0.001;90000;GREEDY;60;10;2170;4141
10000;0.001;90000;REHEAT;1;1;2277;71
10000;0.001;90000;REHEAT;1;2;2264;69
10000;0.001;90000;REHEAT;1;3;2271;70
10000;0.001;90000;REHEAT;1;4;2335;71
10000;0.001;90000;REHEAT;1;5;2261;69
10000;0.001;90000;REHEAT;1;6;2306;70
10000;0.001;90000;REHEAT;1;7;2273;72
10000;0.001;90000;REHEAT;1;8;2272;65
10000;0.001;90000;REHEAT;1;9;2308;69
10000;0.001;90000;REHEAT;1;10;2208;71
10000;0.001;90000;BOTH;15;1;2182;1149
10000;0.001;90000;BOTH;15;2;2183;1219
10000;0.001;90000;BOTH;15;3;2185;1139
10000;0.001;90000;BOTH;15;4;2176;1169
10000;0.001;90000;BOTH;15;5;2225;1173
10000;0.001;90000;BOTH;15;6;2182;1285
10000;0.001;90000;BOTH;15;7;2201;1151
10000;0.001;90000;BOTH;15;8;2211;1158
10000;0.001;90000;BOTH;15;9;2180;1141
10000;0.001;90000;BOTH;15;10;2208;1146
10000;0.001;90000;BOTH;30;1;2180;2115
10000;0.001;90000;BOTH;30;2;2168;2233
10000;0.001;90000;BOTH;30;3;2197;2114
10000;0.001;90000;BOTH;30;4;2195;2134
10000;0.001;90000;BOTH;30;5;2171;2097
10000;0.001;90000;BOTH;30;6;2187;2143
10000;0.001;90000;BOTH;30;7;2169;2122
10000;0.001;90000;BOTH;30;8;2193;2196
10000;0.001;90000;BOTH;30;9;2168;2138
10000;0.001;90000;BOTH;30;10;2171;2112
10000;0.001;90000;BOTH;45;1;2154;3446
10000;0.001;90000;BOTH;45;2;2168;3366
10000;0.001;90000;BOTH;45;3;2166;3385
10000;0.001;90000;BOTH;45;4;2157;3390
10000;0.001;90000;BOTH;45;5;2171;3373
10000;0.001;90000;BOTH;45;6;2160;3336
10000;0.001;90000;BOTH;45;7;2169;3428
10000;0.001;90000;BOTH;45;8;2168;4010
10000;0.001;90000;BOTH;45;9;2155;4205
10000;0.001;90000;BOTH;45;10;2182;3948
10000;0.001;90000;BOTH;60;1;2159;4223
10000;0.001;90000;BOTH;60;2;2157;4198
10000;0.001;90000;BOTH;60;3;2159;4236
10000;0.001;90000;BOTH;60;4;2162;4129
10000;0.001;90000;BOTH;60;5;2160;4158
10000;0.001;90000;BOTH;60;6;2156;4191
10000;0.001;90000;BOTH;60;7;2150;4389
10000;0.001;90000;BOTH;60;8;2157;4176
10000;0.001;90000;BOTH;60;9;2160;4327
10000;0.001;90000;BOTH;60;10;2165;4200
100000;0.001;4500;NORMAL;1;1;2363;4
100000;0.001;4500;NORMAL;1;2;2284;3
100000;0.001;4500;NORMAL;1;3;2413;4
100000;0.001;4500;NORMAL;1;4;2447;5
100000;0.001;4500;NORMAL;1;5;2395;4
100000;0.001;4500;NORMAL;1;6;2371;3
100000;0.001;4500;NORMAL;1;7;2359;4
100000;0.001;4500;NORMAL;1;8;2310;3
100000;0.001;4500;NORMAL;1;9;2419;3
100000;0.001;4500;NORMAL;1;10;2374;3
100000;0.001;4500;GREEDY;15;1;2236;55
100000;0.001;4500;GREEDY;15;2;2270;60
100000;0.001;4500;GREEDY;15;3;2257;54
100000;0.001;4500;GREEDY;15;4;2225;57
100000;0.001;4500;GREEDY;15;5;2273;55
100000;0.001;4500;GREEDY;15;6;2254;56
100000;0.001;4500;GREEDY;15;7;2255;56
100000;0.001;4500;GREEDY;15;8;2235;55
100000;0.001;4500;GREEDY;15;9;2293;55
100000;0.001;4500;GREEDY;15;10;2244;57
100000;0.001;4500;GREEDY;30;1;2231;109
100000;0.001;4500;GREEDY;30;2;2261;107
100000;0.001;4500;GREEDY;30;3;2219;105
100000;0.001;4500;GREEDY;30;4;2190;104
100000;0.001;4500;GREEDY;30;5;2211;105
100000;0.001;4500;GREEDY;30;6;2239;106
100000;0.001;4500;GREEDY;30;7;2207;107
100000;0.001;4500;GREEDY;30;8;2251;109
100000;0.001;4500;GREEDY;30;9;2207;106
100000;0.001;4500;GREEDY;30;10;2216;110
100000;0.001;4500;GREEDY;45;1;2212;173
100000;0.001;4500;GREEDY;45;2;2204;168
100000;0.001;4500;GREEDY;45;3;2210;163
100000;0.001;4500;GREEDY;45;4;2179;161
100000;0.001;4500;GREEDY;45;5;2204;170
100000;0.001;4500;GREEDY;45;6;2234;164
100000;0.001;4500;GREEDY;45;7;2207;173
100000;0.001;4500;GREEDY;45;8;2202;164
100000;0.001;4500;GREEDY;45;9;2171;166
100000;0.001;4500;GREEDY;45;10;2192;167
100000;0.001;4500;GREEDY;60;1;2224;217
100000;0.001;4500;GREEDY;60;2;2190;226
100000;0.001;4500;GREEDY;60;3;2180;216
100000;0.001;4500;GREEDY;60;4;2195;208
100000;0.001;4500;GREEDY;60;5;2155;205
100000;0.001;4500;GREEDY;60;6;2188;210
100000;0.001;4500;GREEDY;60;7;2191;201
100000;0.001;4500;GREEDY;60;8;2194;210
100000;0.001;4500;GREEDY;60;9;2170;216
100000;0.001;4500;GREEDY;60;10;2189;219
100000;0.001;4500;REHEAT;1;1;2350;4
100000;0.001;4500;REHEAT;1;2;2318;4
100000;0.001;4500;REHEAT;1;3;2330;4
100000;0.001;4500;REHEAT;1;4;2379;3
100000;0.001;4500;REHEAT;1;5;2382;3
100000;0.001;4500;REHEAT;1;6;2415;3
100000;0.001;4500;REHEAT;1;7;2257;3
100000;0.001;4500;REHEAT;1;8;2351;3
100000;0.001;4500;REHEAT;1;9;2402;3
100000;0.001;4500;REHEAT;1;10;2335;3
100000;0.001;4500;BOTH;15;1;2263;58
100000;0.001;4500;BOTH;15;2;2225;62
100000;0.001;4500;BOTH;15;3;2241;56
100000;0.001;4500;BOTH;15;4;2280;54
100000;0.001;4500;BOTH;15;5;2251;58
100000;0.001;4500;BOTH;15;6;2285;57
100000;0.001;4500;BOTH;15;7;2286;57
100000;0.001;4500;BOTH;15;8;2267;60
100000;0.001;4500;BOTH;15;9;2249;54
100000;0.001;4500;BOTH;15;10;2225;55
100000;0.001;4500;BOTH;30;1;2215;105
100000;0.001;4500;BOTH;30;2;2220;110
100000;0.001;4500;BOTH;30;3;2201;107
100000;0.001;4500;BOTH;30;4;2271;107
100000;0.001;4500;BOTH;30;5;2240;105
100000;0.001;4500;BOTH;30;6;2242;106
100000;0.001;4500;BOTH;30;7;2206;101
100000;0.001;4500;BOTH;30;8;2242;101
100000;0.001;4500;BOTH;30;9;2219;103
100000;0.001;4500;BOTH;30;10;2232;103
100000;0.001;4500;BOTH;45;1;2192;171
100000;0.001;4500;BOTH;45;2;2202;226
100000;0.001;4500;BOTH;45;3;2187;169
100000;0.001;4500;BOTH;45;4;2218;170
100000;0.001;4500;BOTH;45;5;2193;166
100000;0.001;4500;BOTH;45;6;2214;165
100000;0.001;4500;BOTH;45;7;2208;167
100000;0.001;4500;BOTH;45;8;2186;168
100000;0.001;4500;BOTH;45;9;2199;168
100000;0.001;4500;BOTH;45;10;2224;168
100000;0.001;4500;BOTH;60;1;2187;213
100000;0.001;4500;BOTH;60;2;2185;213
100000;0.001;4500;BOTH;60;3;2218;216
100000;0.001;4500;BOTH;60;4;2198;214
100000;0.001;4500;BOTH;60;5;2213;199
100000;0.001;4500;BOTH;60;6;2187;203
100000;0.001;4500;BOTH;60;7;2188;209
100000;0.001;4500;BOTH;60;8;2161;213
100000;0.001;4500;BOTH;60;9;2203;212
100000;0.001;4500;BOTH;60;10;2180;205
100000;0.001;22500;NORMAL;1;1;2274;17
100000;0.001;22500;NORMAL;1;2;2274;17
100000;0.001;22500;NORMAL;1;3;2349;19
100000;0.001;22500;NORMAL;1;4;2263;19
100000;0.001;22500;NORMAL;1;5;2273;16
100000;0.001;22500;NORMAL;1;6;2311;17
100000;0.001;22500;NORMAL;1;7;2217;17
100000;0.001;22500;NORMAL;1;8;2346;18
100000;0.001;22500;NORMAL;1;9;2292;18
100000;0.001;22500;NORMAL;1;10;2336;18
100000;0.001;22500;GREEDY;15;1;2206;290
100000;0.001;22500;GREEDY;15;2;2213;285
100000;0.001;22500;GREEDY;15;3;2212;287
100000;0.001;22500;GREEDY;15;4;2214;282
100000;0.001;22500;GREEDY;15;5;2244;280
100000;0.001;22500;GREEDY;15;6;2241;281
100000;0.001;22500;GREEDY;15;7;2187;308
100000;0.001;22500;GREEDY;15;8;2228;289
100000;0.001;22500;GREEDY;15;9;2221;300
100000;0.001;22500;GREEDY;15;10;2253;302
100000;0.001;22500;GREEDY;30;1;2189;539
100000;0.001;22500;GREEDY;30;2;2210;758
100000;0.001;22500;GREEDY;30;3;2201;562
100000;0.001;22500;GREEDY;30;4;2168;541
100000;0.001;22500;GREEDY;30;5;2182;529
100000;0.001;22500;GREEDY;30;6;2190;528
100000;0.001;22500;GREEDY;30;7;2197;536
100000;0.001;22500;GREEDY;30;8;2168;526
100000;0.001;22500;GREEDY;30;9;2196;526
100000;0.001;22500;GREEDY;30;10;2181;529
100000;0.001;22500;GREEDY;45;1;2190;829
100000;0.001;22500;GREEDY;45;2;2198;887
100000;0.001;22500;GREEDY;45;3;2212;832
100000;0.001;22500;GREEDY;45;4;2176;824
100000;0.001;22500;GREEDY;45;5;2208;836
100000;0.001;22500;GREEDY;45;6;2159;830
100000;0.001;22500;GREEDY;45;7;2177;841
100000;0.001;22500;GREEDY;45;8;2202;850
100000;0.001;22500;GREEDY;45;9;2187;835
100000;0.001;22500;GREEDY;45;10;2167;824
100000;0.001;22500;GREEDY;60;1;2158;1035
100000;0.001;22500;GREEDY;60;2;2157;1066
100000;0.001;22500;GREEDY;60;3;2186;1045
100000;0.001;22500;GREEDY;60;4;2169;1058
100000;0.001;22500;GREEDY;60;5;2166;1021
100000;0.001;22500;GREEDY;60;6;2167;1114
100000;0.001;22500;GREEDY;60;7;2170;1049
100000;0.001;22500;GREEDY;60;8;2182;1036
100000;0.001;22500;GREEDY;60;9;2179;1017
100000;0.001;22500;GREEDY;60;10;2206;1050
100000;0.001;22500;REHEAT;1;1;2412;19
100000;0.001;22500;REHEAT;1;2;2326;17
100000;0.001;22500;REHEAT;1;3;2302;18
100000;0.001;22500;REHEAT;1;4;2333;17
100000;0.001;22500;REHEAT;1;5;2297;18
100000;0.001;22500;REHEAT;1;6;2300;18
100000;0.001;22500;REHEAT;1;7;2284;18
100000;0.001;22500;REHEAT;1;8;2257;18
100000;0.001;22500;REHEAT;1;9;2305;18
100000;0.001;22500;REHEAT;1;10;2256;17
100000;0.001;22500;BOTH;15;1;2212;280
100000;0.001;22500;BOTH;15;2;2257;285
100000;0.001;22500;BOTH;15;3;2211;284
100000;0.001;22500;BOTH;15;4;2259;286
100000;0.001;22500;BOTH;15;5;2235;291
100000;0.001;22500;BOTH;15;6;2220;282
100000;0.001;22500;BOTH;15;7;2219;292
100000;0.001;22500;BOTH;15;8;2240;286
100000;0.001;22500;BOTH;15;9;2227;297
100000;0.001;22500;BOTH;15;10;2258;289
100000;0.001;22500;BOTH;30;1;2152;536
100000;0.001;22500;BOTH;30;2;2205;543
100000;0.001;22500;BOTH;30;3;2213;529
100000;0.001;22500;BOTH;30;4;2188;571
100000;0.001;22500;BOTH;30;5;2201;557
100000;0.001;22500;BOTH;30;6;2184;588
100000;0.001;22500;BOTH;30;7;2191;677
100000;0.001;22500;BOTH;30;8;2192;558
100000;0.001;22500;BOTH;30;9;2176;604
100000;0.001;22500;BOTH;30;10;2180;542
100000;0.001;22500;BOTH;45;1;2163;837
100000;0.001;22500;BOTH;45;2;2181;844
100000;0.001;22500;BOTH;45;3;2183;828
100000;0.001;22500;BOTH;45;4;2162;837
100000;0.001;22500;BOTH;45;5;2148;835
100000;0.001;22500;BOTH;45;6;2187;832
100000;0.001;22500;BOTH;45;7;2180;833
100000;0.001;22500;BOTH;45;8;2172;841
100000;0.001;22500;BOTH;45;9;2197;831
100000;0.001;22500;BOTH;45;10;2181;827
100000;0.001;22500;BOTH;60;1;2160;1045
100000;0.001;22500;BOTH;60;2;2164;1041
100000;0.001;22500;BOTH;60;3;2166;1023
100000;0.001;22500;BOTH;60;4;2171;1096
100000;0.001;22500;BOTH;60;5;2174;1034
100000;0.001;22500;BOTH;60;6;2174;1051
100000;0.001;22500;BOTH;60;7;2153;1055
100000;0.001;22500;BOTH;60;8;2147;1029
100000;0.001;22500;BOTH;60;9;2167;1050
100000;0.001;22500;BOTH;60;10;2155;1034
100000;0.001;45000;NORMAL;1;1;2289;37
100000;0.001;45000;NORMAL;1;2;2229;34
100000;0.001;45000;NORMAL;1;3;2332;34
100000;0.001;45000;NORMAL;1;4;2252;35
100000;0.001;45000;NORMAL;1;5;2300;42
100000;0.001;45000;NORMAL;1;6;2244;35
100000;0.001;45000;NORMAL;1;7;2292;35
100000;0.001;45000;NORMAL;1;8;2305;34
100000;0.001;45000;NORMAL;1;9;2355;42
100000;0.001;45000;NORMAL;1;10;2290;52
100000;0.001;45000;GREEDY;15;1;2198;762
100000;0.001;45000;GREEDY;15;2;2230;736
100000;0.001;45000;GREEDY;15;3;2213;603
100000;0.001;45000;GREEDY;15;4;2227;720
100000;0.001;45000;GREEDY;15;5;2188;599
100000;0.001;45000;GREEDY;15;6;2187;581
100000;0.001;45000;GREEDY;15;7;2208;582
100000;0.001;45000;GREEDY;15;8;2191;565
100000;0.001;45000;GREEDY;15;9;2166;589
100000;0.001;45000;GREEDY;15;10;2188;657
100000;0.001;45000;GREEDY;30;1;2198;1164
100000;0.001;45000;GREEDY;30;2;2184;1139
100000;0.001;45000;GREEDY;30;3;2192;1045
100000;0.001;45000;GREEDY;30;4;2198;1056
100000;0.001;45000;GREEDY;30;5;2176;1068
100000;0.001;45000;GREEDY;30;6;2195;1069
100000;0.001;45000;GREEDY;30;7;2170;1047
100000;0.001;45000;GREEDY;30;8;2188;1073
100000;0.001;45000;GREEDY;30;9;2169;1096
100000;0.001;45000;GREEDY;30;10;2195;1080
100000;0.001;45000;GREEDY;45;1;2176;1672
100000;0.001;45000;GREEDY;45;2;2170;1782
100000;0.001;45000;GREEDY;45;3;2168;1663
100000;0.001;45000;GREEDY;45;4;2170;1659
100000;0.001;45000;GREEDY;45;5;2183;1689
100000;0.001;45000;GREEDY;45;6;2190;1674
100000;0.001;45000;GREEDY;45;7;2167;1705
100000;0.001;45000;GREEDY;45;8;2168;1650
100000;0.001;45000;GREEDY;45;9;2183;1735
100000;0.001;45000;GREEDY;45;10;2178;1664
100000;0.001;45000;GREEDY;60;1;2153;2086
100000;0.001;45000;GREEDY;60;2;2161;2101
100000;0.001;45000;GREEDY;60;3;2161;2226
100000;0.001;45000;GREEDY;60;4;2180;2064
100000;0.001;45000;GREEDY;60;5;2156;2083
100000;0.001;45000;GREEDY;60;6;2174;2145
100000;0.001;45000;GREEDY;60;7;2155;2076
100000;0.001;45000;GREEDY;60;8;2178;2066
100000;0.001;45000;GREEDY;60;9;2171;2086
100000;0.001;45000;GREEDY;60;10;2170;2081
100000;0.001;45000;REHEAT;1;1;2315;35
100000;0.001;45000;REHEAT;1;2;2304;34
100000;0.001;45000;REHEAT;1;3;2286;32
100000;0.001;45000;REHEAT;1;4;2274;32
100000;0.001;45000;REHEAT;1;5;2284;35
100000;0.001;45000;REHEAT;1;6;2285;33
100000;0.001;45000;REHEAT;1;7;2247;33
100000;0.001;45000;REHEAT;1;8;2289;36
100000;0.001;45000;REHEAT;1;9;2309;33
100000;0.001;45000;REHEAT;1;10;2283;36
100000;0.001;45000;BOTH;15;1;2270;578
100000;0.001;45000;BOTH;15;2;2196;569
100000;0.001;45000;BOTH;15;3;2202;601
100000;0.001;45000;BOTH;15;4;2191;576
100000;0.001;45000;BOTH;15;5;2237;574
100000;0.001;45000;BOTH;15;6;2223;631
100000;0.001;45000;BOTH;15;7;2211;567
100000;0.001;45000;BOTH;15;8;2223;563
100000;0.001;45000;BOTH;15;9;2273;567
100000;0.001;45000;BOTH;15;10;2243;585
100000;0.001;45000;BOTH;30;1;2187;1048
100000;0.001;45000;BOTH;30;2;2181;1056
100000;0.001;45000;BOTH;30;3;2198;1038
100000;0.001;45000;BOTH;30;4;2175;1092
100000;0.001;45000;BOTH;30;5;2177;1085
100000;0.001;45000;BOTH;30;6;2185;1076
100000;0.001;45000;BOTH;30;7;2182;1312
100000;0.001;45000;BOTH;30;8;2194;1082
100000;0.001;45000;BOTH;30;9;2185;1098
100000;0.001;45000;BOTH;30;10;2187;1133
100000;0.001;45000;BOTH;45;1;2165;1671
100000;0.001;45000;BOTH;45;2;2161;1660
100000;0.001;45000;BOTH;45;3;2170;1698
100000;0.001;45000;BOTH;45;4;2162;1714
100000;0.001;45000;BOTH;45;5;2159;1651
100000;0.001;45000;BOTH;45;6;2183;1658
100000;0.001;45000;BOTH;45;7;2179;1844
100000;0.001;45000;BOTH;45;8;2168;1995
100000;0.001;45000;BOTH;45;9;2192;1688
100000;0.001;45000;BOTH;45;10;2174;1706
100000;0.001;45000;BOTH;60;1;2153;2067
100000;0.001;45000;BOTH;60;2;2162;2045
100000;0.001;45000;BOTH;60;3;2155;2075
100000;0.001;45000;BOTH;60;4;2166;2124
100000;0.001;45000;BOTH;60;5;2149;2328
100000;0.001;45000;BOTH;60;6;2175;2107
100000;0.001;45000;BOTH;60;7;2164;2113
100000;0.001;45000;BOTH;60;8;2166;2073
100000;0.001;45000;BOTH;60;9;2164;2053
100000;0.001;45000;BOTH;60;10;2172;2077
100000;0.001;90000;NORMAL;1;1;2245;71
100000;0.001;90000;NORMAL;1;2;2277;70
100000;0.001;90000;NORMAL;1;3;2307;110
100000;0.001;90000;NORMAL;1;4;2226;93
100000;0.001;90000;NORMAL;1;5;2267;69
100000;0.001;90000;NORMAL;1;6;2225;69
100000;0.001;90000;NORMAL;1;7;2283;70
100000;0.001;90000;NORMAL;1;8;2308;68
100000;0.001;90000;NORMAL;1;9;2274;69
100000;0.001;90000;NORMAL;1;10;2260;69
100000;0.001;90000;GREEDY;15;1;2214;1144
100000;0.001;90000;GREEDY;15;2;2229;1136
100000;0.001;90000;GREEDY;15;3;2181;1131
100000;0.001;90000;GREEDY;15;4;2189;1131
100000;0.001;90000;GREEDY;15;5;2201;1142
100000;0.001;90000;GREEDY;15;6;2185;1128
100000;0.001;90000;GREEDY;15;7;2171;1143
100000;0.001;90000;GREEDY;15;8;2199;1157
100000;0.001;90000;GREEDY;15;9;2215;1155
100000;0.001;90000;GREEDY;15;10;2188;1150
100000;0.001;90000;GREEDY;30;1;2180;2205
100000;0.001;90000;GREEDY;30;2;2175;2105
100000;0.001;90000;GREEDY;30;3;2176;2349
100000;0.001;90000;GREEDY;30;4;2157;2127
100000;0.001;90000;GREEDY;30;5;2186;2118
100000;0.001;90000;GREEDY;30;6;2166;2118
100000;0.001;90000;GREEDY;30;7;2182;2203
100000;0.001;90000;GREEDY;30;8;2194;2092
100000;0.001;90000;GREEDY;30;9;2172;2115
100000;0.001;90000;GREEDY;30;10;2203;2120
100000;0.001;90000;GREEDY;45;1;2175;3542
100000;0.001;90000;GREEDY;45;2;2173;3441
100000;0.001;90000;GREEDY;45;3;2163;3428
100000;0.001;90000;GREEDY;45;4;2186;3320
100000;0.001;90000;GREEDY;45;5;2174;3521
100000;0.001;90000;GREEDY;45;6;2172;3409
100000;0.001;90000;GREEDY;45;7;2160;3387
100000;0.001;90000;GREEDY;45;8;2172;3338
100000;0.001;90000;GREEDY;45;9;2168;3314
100000;0.001;90000;GREEDY;45;10;2174;3389
100000;0.001;90000;GREEDY;60;1;2155;4149
100000;0.001;90000;GREEDY;60;2;2166;4149
100000;0.001;90000;GREEDY;60;3;2167;4561
100000;0.001;90000;GREEDY;60;4;2155;4186
100000;0.001;90000;GREEDY;60;5;2161;4173
100000;0.001;90000;GREEDY;60;6;2163;4203
100000;0.001;90000;GREEDY;60;7;2158;4219
100000;0.001;90000;GREEDY;60;8;2161;4167
100000;0.001;90000;GREEDY;60;9;2163;4225
100000;0.001;90000;GREEDY;60;10;2164;4334
100000;0.001;90000;REHEAT;1;1;2197;68
100000;0.001;90000;REHEAT;1;2;2226;70
100000;0.001;90000;REHEAT;1;3;2307;70
100000;0.001;90000;REHEAT;1;4;2260;70
100000;0.001;90000;REHEAT;1;5;2265;72
100000;0.001;90000;REHEAT;1;6;2263;70
100000;0.001;90000;REHEAT;1;7;2237;70
100000;0.001;90000;REHEAT;1;8;2255;71
100000;0.001;90000;REHEAT;1;9;2293;69
100000;0.001;90000;REHEAT;1;10;2214;71
100000;0.001;90000;BOTH;15;1;2197;1157
100000;0.001;90000;BOTH;15;2;2162;1143
100000;0.001;90000;BOTH;15;3;2187;1150
100000;0.001;90000;BOTH;15;4;2199;1140
100000;0.001;90000;BOTH;15;5;2216;1158
100000;0.001;90000;BOTH;15;6;2177;1143
100000;0.001;90000;BOTH;15;7;2178;1222
100000;0.001;90000;BOTH;15;8;2195;1140
100000;0.001;90000;BOTH;15;9;2205;1133
100000;0.001;90000;BOTH;15;10;2215;1129
100000;0.001;90000;BOTH;30;1;2163;2132
100000;0.001;90000;BOTH;30;2;2161;2145
100000;0.001;90000;BOTH;30;3;2188;2137
100000;0.001;90000;BOTH;30;4;2184;2176
100000;0.001;90000;BOTH;30;5;2179;2110
100000;0.001;90000;BOTH;30;6;2186;2108
100000;0.001;90000;BOTH;30;7;2192;2120
100000;0.001;90000;BOTH;30;8;2176;2329
100000;0.001;90000;BOTH;30;9;2185;2165
100000;0.001;90000;BOTH;30;10;2181;2253
100000;0.001;90000;BOTH;45;1;2164;3341
100000;0.001;90000;BOTH;45;2;2171;3365
100000;0.001;90000;BOTH;45;3;2155;3326
100000;0.001;90000;BOTH;45;4;2175;3379
100000;0.001;90000;BOTH;45;5;2180;3314
100000;0.001;90000;BOTH;45;6;2170;3286
100000;0.001;90000;BOTH;45;7;2169;3331
100000;0.001;90000;BOTH;45;8;2158;3706
100000;0.001;90000;BOTH;45;9;2156;3329
100000;0.001;90000;BOTH;45;10;2172;3359
100000;0.001;90000;BOTH;60;1;2152;4159
100000;0.001;90000;BOTH;60;2;2156;4198
100000;0.001;90000;BOTH;60;3;2155;4133
100000;0.001;90000;BOTH;60;4;2162;4128
100000;0.001;90000;BOTH;60;5;2160;4566
100000;0.001;90000;BOTH;60;6;2153;4137
100000;0.001;90000;BOTH;60;7;2160;4108
100000;0.001;90000;BOTH;60;8;2160;4269
100000;0.001;90000;BOTH;60;9;2155;4177
100000;0.001;90000;BOTH;60;10;2156;4124
1e+06;0.001;4500;NORMAL;1;1;2351;3
1e+06;0.001;4500;NORMAL;1;2;2264;3
1e+06;0.001;4500;NORMAL;1;3;2324;4
1e+06;0.001;4500;NORMAL;1;4;2401;3
1e+06;0.001;4500;NORMAL;1;5;2353;3
1e+06;0.001;4500;NORMAL;1;6;2349;3
1e+06;0.001;4500;NORMAL;1;7;2361;4
1e+06;0.001;4500;NORMAL;1;8;2280;3
1e+06;0.001;4500;NORMAL;1;9;2337;3
1e+06;0.001;4500;NORMAL;1;10;2379;4
1e+06;0.001;4500;GREEDY;15;1;2237;56
1e+06;0.001;4500;GREEDY;15;2;2294;56
1e+06;0.001;4500;GREEDY;15;3;2254;56
1e+06;0.001;4500;GREEDY;15;4;2271;56
1e+06;0.001;4500;GREEDY;15;5;2249;56
1e+06;0.001;4500;GREEDY;15;6;2246;59
1e+06;0.001;4500;GREEDY;15;7;2273;59
1e+06;0.001;4500;GREEDY;15;8;2312;61
1e+06;0.001;4500;GREEDY;15;9;2283;66
1e+06;0.001;4500;GREEDY;15;10;2229;56
1e+06;0.001;4500;GREEDY;30;1;2240;106
1e+06;0.001;4500;GREEDY;30;2;2216;105
1e+06;0.001;4500;GREEDY;30;3;2200;104
1e+06;0.001;4500;GREEDY;30;4;2218;109
1e+06;0.001;4500;GREEDY;30;5;2237;105
1e+06;0.001;4500;GREEDY;30;6;2207;107
1e+06;0.001;4500;GREEDY;30;7;2214;110
1e+06;0.001;4500;GREEDY;30;8;2194;106
1e+06;0.001;4500;GREEDY;30;9;2252;111
1e+06;0.001;4500;GREEDY;30;10;2208;103
1e+06;0.001;4500;GREEDY;45;1;2214;166
1e+06;0.001;4500;GREEDY;45;2;2217;163
1e+06;0.001;4500;GREEDY;45;3;2162;161
1e+06;0.001;4500;GREEDY;45;4;2191;164
1e+06;0.001;4500;GREEDY;45;5;2199;173
1e+06;0.001;4500;GREEDY;45;6;2201;176
1e+06;0.001;4500;GREEDY;45;7;2221;230
1e+06;0.001;4500;GREEDY;45;8;2201;163
1e+06;0.001;4500;GREEDY;45;9;2225;164
1e+06;0.001;4500;GREEDY;45;10;2198;172
1e+06;0.001;4500;GREEDY;60;1;2170;213
1e+06;0.001;4500;GREEDY;60;2;2226;213
1e+06;0.001;4500;GREEDY;60;3;2167;202
1e+06;0.001;4500;GREEDY;60;4;2209;209
1e+06;0.001;4500;GREEDY;60;5;2180;212
1e+06;0.001;4500;GREEDY;60;6;2172;208
1e+06;0.001;4500;GREEDY;60;7;2178;215
1e+06;0.001;4500;GREEDY;60;8;2223;209
1e+06;0.001;4500;GREEDY;60;9;2170;204
1e+06;0.001;4500;GREEDY;60;10;2209;211
1e+06;0.001;4500;REHEAT;1;1;2284;4
1e+06;0.001;4500;REHEAT;1;2;2865;4
1e+06;0.001;4500;REHEAT;1;3;2437;4
1e+06;0.001;4500;REHEAT;1;4;2421;4
1e+06;0.001;4500;REHEAT;1;5;2879;4
1e+06;0.001;4500;REHEAT;1;6;2848;4
1e+06;0.001;4500;REHEAT;1;7;2850;4
1e+06;0.001;4500;REHEAT;1;8;2833;4
1e+06;0.001;4500;REHEAT;1;9;2369;4
1e+06;0.001;4500;REHEAT;1;10;2360;4
1e+06;0.001;4500;BOTH;15;1;2192;57
1e+06;0.001;4500;BOTH;15;2;2222;57
1e+06;0.001;4500;BOTH;15;3;2265;59
1e+06;0.001;4500;BOTH;15;4;2287;57
1e+06;0.001;4500;BOTH;15;5;2238;57
1e+06;0.001;4500;BOTH;15;6;2211;56
1e+06;0.001;4500;BOTH;15;7;2232;57
1e+06;0.001;4500;BOTH;15;8;2194;60
1e+06;0.001;4500;BOTH;15;9;2242;61
1e+06;0.001;4500;BOTH;15;10;2212;57
1e+06;0.001;4500;BOTH;30;1;2214;105
1e+06;0.001;4500;BOTH;30;2;2217;105
1e+06;0.001;4500;BOTH;30;3;2233;103
1e+06;0.001;4500;BOTH;30;4;2195;104
1e+06;0.001;4500;BOTH;30;5;2232;101
1e+06;0.001;4500;BOTH;30;6;2228;105
1e+06;0.001;4500;BOTH;30;7;2210;101
1e+06;0.001;4500;BOTH;30;8;2190;110
1e+06;0.001;4500;BOTH;30;9;2218;114
1e+06;0.001;4500;BOTH;30;10;2227;122
1e+06;0.001;4500;BOTH;45;1;2197;173
1e+06;0.001;4500;BOTH;45;2;2171;178
1e+06;0.001;4500;BOTH;45;3;2190;200
1e+06;0.001;4500;BOTH;45;4;2208;200
1e+06;0.001;4500;BOTH;45;5;2214;205
1e+06;0.001;4500;BOTH;45;6;2229;205
1e+06;0.001;4500;BOTH;45;7;2210;184
1e+06;0.001;4500;BOTH;45;8;2197;174
1e+06;0.001;4500;BOTH;45;9;2168;173
1e+06;0.001;4500;BOTH;45;10;2192;168
1e+06;0.001;4500;BOTH;60;1;2221;215
1e+06;0.001;4500;BOTH;60;2;2163;213
1e+06;0.001;4500;BOTH;60;3;2213;212
1e+06;0.001;4500;BOTH;60;4;2208;203
1e+06;0.001;4500;BOTH;60;5;2178;206
1e+06;0.001;4500;BOTH;60;6;2178;203
1e+06;0.001;4500;BOTH;60;7;2207;201
1e+06;0.001;4500;BOTH;60;8;2183;205
1e+06;0.001;4500;BOTH;60;9;2202;207
1e+06;0.001;4500;BOTH;60;10;2194;213
1e+06;0.001;22500;NORMAL;1;1;2277;17
1e+06;0.001;22500;NORMAL;1;2;2299;17
1e+06;0.001;22500;NORMAL;1;3;2330;17
1e+06;0.001;22500;NORMAL;1;4;2283;18
1e+06;0.001;22500;NORMAL;1;5;2298;17
1e+06;0.001;22500;NORMAL;1;6;2287;17
1e+06;0.001;22500;NORMAL;1;7;2331;17
1e+06;0.001;22500;NORMAL;1;8;2339;17
1e+06;0.001;22500;NORMAL;1;9;2369;18
1e+06;0.001;22500;NORMAL;1;10;2317;17
1e+06;0.001;22500;GREEDY;15;1;2234;288
1e+06;0.001;22500;GREEDY;15;2;2242;290
1e+06;0.001;22500;GREEDY;15;3;2228;298
1e+06;0.001;22500;GREEDY;15;4;2218;292
1e+06;0.001;22500;GREEDY;15;5;2220;292
1e+06;0.001;22500;GREEDY;15;6;2222;284
1e+06;0.001;22500;GREEDY;15;7;2189;291
1e+06;0.001;22500;GREEDY;15;8;2250;292
1e+06;0.001;22500;GREEDY;15;9;2168;294
1e+06;0.001;22500;GREEDY;15;10;2189;282
1e+06;0.001;22500;GREEDY;30;1;2177;522
1e+06;0.001;22500;GREEDY;30;2;2186;531
1e+06;0.001;22500;GREEDY;30;3;2207;527
1e+06;0.001;22500;GREEDY;30;4;2221;605
1e+06;0.001;22500;GREEDY;30;5;2157;531
1e+06;0.001;22500;GREEDY;30;6;2211;523
1e+06;0.001;22500;GREEDY;30;7;2193;532
1e+06;0.001;22500;GREEDY;30;8;2215;531
1e+06;0.001;22500;GREEDY;30;9;2220;517
1e+06;0.001;22500;GREEDY;30;10;2191;530
1e+06;0.001;22500;GREEDY;45;1;2174;825
1e+06;0.001;22500;GREEDY;45;2;2186;839
1e+06;0.001;22500;GREEDY;45;3;2166;828
1e+06;0.001;22500;GREEDY;45;4;2193;819
1e+06;0.001;22500;GREEDY;45;5;2165;834
1e+06;0.001;22500;GREEDY;45;6;2187;828
1e+06;0.001;22500;GREEDY;45;7;2188;823
1e+06;0.001;22500;GREEDY;45;8;2201;838
1e+06;0.001;22500;GREEDY;45;9;2187;841
1e+06;0.001;22500;GREEDY;45;10;2165;843
1e+06;0.001;22500;GREEDY;60;1;2175;1026
1e+06;0.001;22500;GREEDY;60;2;2180;1092
1e+06;0.001;22500;GREEDY;60;3;2163;1056
1e+06;0.001;22500;GREEDY;60;4;2165;1031
1e+06;0.001;22500;GREEDY;60;5;2182;1026
1e+06;0.001;22500;GREEDY;60;6;2174;1032
1e+06;0.001;22500;GREEDY;60;7;2184;1028
1e+06;0.001;22500;GREEDY;60;8;2189;1050
1e+06;0.001;22500;GREEDY;60;9;2162;1071
1e+06;0.001;22500;GREEDY;60;10;2158;1193
1e+06;0.001;22500;REHEAT;1;1;2332;22
1e+06;0.001;22500;REHEAT;1;2;2736;30
1e+06;0.001;22500;REHEAT;1;3;2784;25
1e+06;0.001;22500;REHEAT;1;4;2321;22
1e+06;0.001;22500;REHEAT;1;5;2752;22
1e+06;0.001;22500;REHEAT;1;6;2824;21
1e+06;0.001;22500;REHEAT;1;7;2372;20
1e+06;0.001;22500;REHEAT;1;8;2790;21
1e+06;0.001;22500;REHEAT;1;9;2361;19
1e+06;0.001;22500;REHEAT;1;10;2318;20
1e+06;0.001;22500;BOTH;15;1;2185;305
1e+06;0.001;22500;BOTH;15;2;2230;318
1e+06;0.001;22500;BOTH;15;3;2220;295
1e+06;0.001;22500;BOTH;15;4;2223;295
1e+06;0.001;22500;BOTH;15;5;2192;298
1e+06;0.001;22500;BOTH;15;6;2252;284
1e+06;0.001;22500;BOTH;15;7;2203;281
1e+06;0.001;22500;BOTH;15;8;2219;292
1e+06;0.001;22500;BOTH;15;9;2246;282
1e+06;0.001;22500;BOTH;15;10;2212;292
1e+06;0.001;22500;BOTH;30;1;2167;590
1e+06;0.001;22500;BOTH;30;2;2203;548
1e+06;0.001;22500;BOTH;30;3;2213;528
1e+06;0.001;22500;BOTH;30;4;2179;530
1e+06;0.001;22500;BOTH;30;5;2190;533
1e+06;0.001;22500;BOTH;30;6;2194;519
1e+06;0.001;22500;BOTH;30;7;2184;528
1e+06;0.001;22500;BOTH;30;8;2187;527
1e+06;0.001;22500;BOTH;30;9;2199;555
1e+06;0.001;22500;BOTH;30;10;2200;579
1e+06;0.001;22500;BOTH;45;1;2179;829
1e+06;0.001;22500;BOTH;45;2;2191;848
1e+06;0.001;22500;BOTH;45;3;2179;818
1e+06;0.001;22500;BOTH;45;4;2170;864
1e+06;0.001;22500;BOTH;45;5;2172;858
1e+06;0.001;22500;BOTH;45;6;2174;829
1e+06;0.001;22500;BOTH;45;7;2178;829
1e+06;0.001;22500;BOTH;45;8;2194;831
1e+06;0.001;22500;BOTH;45;9;2153;848
1e+06;0.001;22500;BOTH;45;10;2175;945
1e+06;0.001;22500;BOTH;60;1;2179;1224
1e+06;0.001;22500;BOTH;60;2;2169;1226
1e+06;0.001;22500;BOTH;60;3;2162;1677
1e+06;0.001;22500;BOTH;60;4;2179;1558
1e+06;0.001;22500;BOTH;60;5;2166;1538
1e+06;0.001;22500;BOTH;60;6;2191;1905
1e+06;0.001;22500;BOTH;60;7;2172;1824
1e+06;0.001;22500;BOTH;60;8;2161;1731
1e+06;0.001;22500;BOTH;60;9;2180;1746
1e+06;0.001;22500;BOTH;60;10;2189;1647
1e+06;0.001;45000;NORMAL;1;1;2282;51
1e+06;0.001;45000;NORMAL;1;2;2352;64
1e+06;0.001;45000;NORMAL;1;3;2309;53
1e+06;0.001;45000;NORMAL;1;4;2299;67
1e+06;0.001;45000;NORMAL;1;5;2318;52
1e+06;0.001;45000;NORMAL;1;6;2324;58
1e+06;0.001;45000;NORMAL;1;7;2307;57
1e+06;0.001;45000;NORMAL;1;8;2258;61
1e+06;0.001;45000;NORMAL;1;9;2266;59
1e+06;0.001;45000;NORMAL;1;10;2271;56
1e+06;0.001;45000;GREEDY;15;1;2186;931
1e+06;0.001;45000;GREEDY;15;2;2246;924
1e+06;0.001;45000;GREEDY;15;3;2213;945
1e+06;0.001;45000;GREEDY;15;4;2242;911
1e+06;0.001;45000;GREEDY;15;5;2209;915
1e+06;0.001;45000;GREEDY;15;6;2195;876
1e+06;0.001;45000;GREEDY;15;7;2233;880
1e+06;0.001;45000;GREEDY;15;8;2183;898
1e+06;0.001;45000;GREEDY;15;9;2241;909
1e+06;0.001;45000;GREEDY;15;10;2182;919
1e+06;0.001;45000;GREEDY;30;1;2213;1776
1e+06;0.001;45000;GREEDY;30;2;2162;1635
1e+06;0.001;45000;GREEDY;30;3;2173;1707
1e+06;0.001;45000;GREEDY;30;4;2185;1655
1e+06;0.001;45000;GREEDY;30;5;2177;1650
1e+06;0.001;45000;GREEDY;30;6;2191;1703
1e+06;0.001;45000;GREEDY;30;7;2203;1690
1e+06;0.001;45000;GREEDY;30;8;2161;1727
1e+06;0.001;45000;GREEDY;30;9;2171;1846
1e+06;0.001;45000;GREEDY;30;10;2183;1941
1e+06;0.001;45000;GREEDY;45;1;2196;2626
1e+06;0.001;45000;GREEDY;45;2;2173;2573
1e+06;0.001;45000;GREEDY;45;3;2168;2577
1e+06;0.001;45000;GREEDY;45;4;2178;2710
1e+06;0.001;45000;GREEDY;45;5;2175;2748
1e+06;0.001;45000;GREEDY;45;6;2174;2635
1e+06;0.001;45000;GREEDY;45;7;2174;2640
1e+06;0.001;45000;GREEDY;45;8;2181;2566
1e+06;0.001;45000;GREEDY;45;9;2186;2549
1e+06;0.001;45000;GREEDY;45;10;2162;2402
1e+06;0.001;45000;GREEDY;60;1;2177;2636
1e+06;0.001;45000;GREEDY;60;2;2166;2959
1e+06;0.001;45000;GREEDY;60;3;2157;2613
1e+06;0.001;45000;GREEDY;60;4;2160;2586
1e+06;0.001;45000;GREEDY;60;5;2153;2743
1e+06;0.001;45000;GREEDY;60;6;2168;2611
1e+06;0.001;45000;GREEDY;60;7;2159;2614
1e+06;0.001;45000;GREEDY;60;8;2163;2588
1e+06;0.001;45000;GREEDY;60;9;2165;2621
1e+06;0.001;45000;GREEDY;60;10;2164;2593
1e+06;0.001;45000;REHEAT;1;1;2735;46
1e+06;0.001;45000;REHEAT;1;2;2238;122
1e+06;0.001;45000;REHEAT;1;3;2227;49
1e+06;0.001;45000;REHEAT;1;4;2257;46
1e+06;0.001;45000;REHEAT;1;5;2320;44
1e+06;0.001;45000;REHEAT;1;6;2268;45
1e+06;0.001;45000;REHEAT;1;7;2702;45
1e+06;0.001;45000;REHEAT;1;8;2269;47
1e+06;0.001;45000;REHEAT;1;9;2736;45
1e+06;0.001;45000;REHEAT;1;10;2304;46
1e+06;0.001;45000;BOTH;15;1;2180;725
1e+06;0.001;45000;BOTH;15;2;2200;723
1e+06;0.001;45000;BOTH;15;3;2234;716
1e+06;0.001;45000;BOTH;15;4;2220;712
1e+06;0.001;45000;BOTH;15;5;2220;721
1e+06;0.001;45000;BOTH;15;6;2265;751
1e+06;0.001;45000;BOTH;15;7;2281;761
1e+06;0.001;45000;BOTH;15;8;2221;1001
1e+06;0.001;45000;BOTH;15;9;2234;803
1e+06;0.001;45000;BOTH;15;10;2258;727
1e+06;0.001;45000;BOTH;30;1;2190;1330
1e+06;0.001;45000;BOTH;30;2;2173;1322
1e+06;0.001;45000;BOTH;30;3;2187;1350
1e+06;0.001;45000;BOTH;30;4;2193;1334
1e+06;0.001;45000;BOTH;30;5;2180;1428
1e+06;0.001;45000;BOTH;30;6;2182;1339
1e+06;0.001;45000;BOTH;30;7;2197;1316
1e+06;0.001;45000;BOTH;30;8;2189;1334
1e+06;0.001;45000;BOTH;30;9;2194;1342
1e+06;0.001;45000;BOTH;30;10;2188;1329
1e+06;0.001;45000;BOTH;45;1;2159;2087
1e+06;0.001;45000;BOTH;45;2;2170;2067
1e+06;0.001;45000;BOTH;45;3;2176;2085
1e+06;0.001;45000;BOTH;45;4;2174;2182
1e+06;0.001;45000;BOTH;45;5;2170;2105
1e+06;0.001;45000;BOTH;45;6;2162;2095
1e+06;0.001;45000;BOTH;45;7;2177;2281
1e+06;0.001;45000;BOTH;45;8;2159;2195
1e+06;0.001;45000;BOTH;45;9;2175;2111
1e+06;0.001;45000;BOTH;45;10;2161;2094
1e+06;0.001;45000;BOTH;60;1;2168;2742
1e+06;0.001;45000;BOTH;60;2;2183;2601
1e+06;0.001;45000;BOTH;60;3;2165;2623
1e+06;0.001;45000;BOTH;60;4;2167;2591
1e+06;0.001;45000;BOTH;60;5;2160;2619
1e+06;0.001;45000;BOTH;60;6;2167;2625
1e+06;0.001;45000;BOTH;60;7;2160;2692
1e+06;0.001;45000;BOTH;60;8;2164;2619
1e+06;0.001;45000;BOTH;60;9;2159;2897
1e+06;0.001;45000;BOTH;60;10;2149;2716
1e+06;0.001;90000;NORMAL;1;1;2248;86
1e+06;0.001;90000;NORMAL;1;2;2243;91
1e+06;0.001;90000;NORMAL;1;3;2292;86
1e+06;0.001;90000;NORMAL;1;4;2254;83
1e+06;0.001;90000;NORMAL;1;5;2270;88
1e+06;0.001;90000;NORMAL;1;6;2270;86
1e+06;0.001;90000;NORMAL;1;7;2236;88
1e+06;0.001;90000;NORMAL;1;8;2321;85
1e+06;0.001;90000;NORMAL;1;9;2255;85
1e+06;0.001;90000;NORMAL;1;10;2266;89
1e+06;0.001;90000;GREEDY;15;1;2204;1428
1e+06;0.001;90000;GREEDY;15;2;2211;1416
1e+06;0.001;90000;GREEDY;15;3;2183;1542
1e+06;0.001;90000;GREEDY;15;4;2199;1478
1e+06;0.001;90000;GREEDY;15;5;2170;1456
1e+06;0.001;90000;GREEDY;15;6;2186;1451
1e+06;0.001;90000;GREEDY;15;7;2187;1430
1e+06;0.001;90000;GREEDY;15;8;2199;1445
1e+06;0.001;90000;GREEDY;15;9;2193;1437
1e+06;0.001;90000;GREEDY;15;10;2174;1501
1e+06;0.001;90000;GREEDY;30;1;2181;3706
1e+06;0.001;90000;GREEDY;30;2;2188;3457
1e+06;0.001;90000;GREEDY;30;3;2160;2793
1e+06;0.001;90000;GREEDY;30;4;2184;2974
1e+06;0.001;90000;GREEDY;30;5;2184;2697
1e+06;0.001;90000;GREEDY;30;6;2176;2774
1e+06;0.001;90000;GREEDY;30;7;2188;2725
1e+06;0.001;90000;GREEDY;30;8;2171;2673
1e+06;0.001;90000;GREEDY;30;9;2196;2683
1e+06;0.001;90000;GREEDY;30;10;2178;2710
1e+06;0.001;90000;GREEDY;45;1;2185;4253
1e+06;0.001;90000;GREEDY;45;2;2169;4156
1e+06;0.001;90000;GREEDY;45;3;2151;4568
1e+06;0.001;90000;GREEDY;45;4;2186;4267
1e+06;0.001;90000;GREEDY;45;5;2177;4147
1e+06;0.001;90000;GREEDY;45;6;2166;4299
1e+06;0.001;90000;GREEDY;45;7;2162;4253
1e+06;0.001;90000;GREEDY;45;8;2165;4218
1e+06;0.001;90000;GREEDY;45;9;2172;4577
1e+06;0.001;90000;GREEDY;45;10;2165;4695
1e+06;0.001;90000;GREEDY;60;1;2163;5311
1e+06;0.001;90000;GREEDY;60;2;2156;5542
1e+06;0.001;90000;GREEDY;60;3;2151;5293
1e+06;0.001;90000;GREEDY;60;4;2150;5331
1e+06;0.001;90000;GREEDY;60;5;2151;5214
1e+06;0.001;90000;GREEDY;60;6;2156;5779
1e+06;0.001;90000;GREEDY;60;7;2171;5272
1e+06;0.001;90000;GREEDY;60;8;2166;5188
1e+06;0.001;90000;GREEDY;60;9;2165;5289
1e+06;0.001;90000;GREEDY;60;10;2162;5301
1e+06;0.001;90000;REHEAT;1;1;2323;88
1e+06;0.001;90000;REHEAT;1;2;2292;88
1e+06;0.001;90000;REHEAT;1;3;2208;91
1e+06;0.001;90000;REHEAT;1;4;2256;87
1e+06;0.001;90000;REHEAT;1;5;2337;92
1e+06;0.001;90000;REHEAT;1;6;2298;105
1e+06;0.001;90000;REHEAT;1;7;2809;93
1e+06;0.001;90000;REHEAT;1;8;2798;89
1e+06;0.001;90000;REHEAT;1;9;2242;90
1e+06;0.001;90000;REHEAT;1;10;2300;86
1e+06;0.001;90000;BOTH;15;1;2249;1472
1e+06;0.001;90000;BOTH;15;2;2176;1483
1e+06;0.001;90000;BOTH;15;3;2193;1621
1e+06;0.001;90000;BOTH;15;4;2204;1682
1e+06;0.001;90000;BOTH;15;5;2184;1432
1e+06;0.001;90000;BOTH;15;6;2199;1442
1e+06;0.001;90000;BOTH;15;7;2182;1453
1e+06;0.001;90000;BOTH;15;8;2240;1433
1e+06;0.001;90000;BOTH;15;9;2200;1471
1e+06;0.001;90000;BOTH;15;10;2206;1474
1e+06;0.001;90000;BOTH;30;1;2175;2668
1e+06;0.001;90000;BOTH;30;2;2172;2795
1e+06;0.001;90000;BOTH;30;3;2188;2784
1e+06;0.001;90000;BOTH;30;4;2198;2808
1e+06;0.001;90000;BOTH;30;5;2187;2703
1e+06;0.001;90000;BOTH;30;6;2187;2663
1e+06;0.001;90000;BOTH;30;7;2183;2744
1e+06;0.001;90000;BOTH;30;8;2167;3116
1e+06;0.001;90000;BOTH;30;9;2176;2714
1e+06;0.001;90000;BOTH;30;10;2183;2704
1e+06;0.001;90000;BOTH;45;1;2174;4295
1e+06;0.001;90000;BOTH;45;2;2165;4307
1e+06;0.001;90000;BOTH;45;3;2165;4502
1e+06;0.001;90000;BOTH;45;4;2167;4312
1e+06;0.001;90000;BOTH;45;5;2161;4247
1e+06;0.001;90000;BOTH;45;6;2173;4670
1e+06;0.001;90000;BOTH;45;7;2164;4304
1e+06;0.001;90000;BOTH;45;8;2160;4213
1e+06;0.001;90000;BOTH;45;9;2162;3858
1e+06;0.001;90000;BOTH;45;10;2159;3813
1e+06;0.001;90000;BOTH;60;1;2155;4254
1e+06;0.001;90000;BOTH;60;2;2163;4266
1e+06;0.001;90000;BOTH;60;3;2164;4311
1e+06;0.001;90000;BOTH;60;4;2158;4227
1e+06;0.001;90000;BOTH;60;5;2147;4219
1e+06;0.001;90000;BOTH;60;6;2157;4205
1e+06;0.001;90000;BOTH;60;7;2149;4179
1e+06;0.001;90000;BOTH;60;8;2152;4445
1e+06;0.001;90000;BOTH;60;9;2161;4199
1e+06;0.001;90000;BOTH;60;10;2153;4293
